Depth_cm,Unreacted_Fraction
0.000000000000000000e+00,1.000000000000000000e+00
1.250000000000000069e-02,8.856913212266809277e-01
2.500000000000000139e-02,7.887040056587627523e-01
3.750000000000000555e-02,7.052238225470134347e-01
5.000000000000000278e-02,6.326922260638601081e-01
6.250000000000000000e-02,5.692389364282923747e-01
7.499999999999999722e-02,5.134252147862318205e-01
8.750000000000000833e-02,4.641090094438805602e-01
1.000000000000000056e-01,4.203621349666593066e-01
1.125000000000000028e-01,3.814227639273334303e-01
1.250000000000000000e-01,3.466606363584006090e-01
1.375000000000000111e-01,3.155479725323228068e-01
1.500000000000000222e-01,2.876330567265023008e-01
1.625000000000000333e-01,2.625319534552850165e-01
1.750000000000000167e-01,2.399141434251761407e-01
1.875000000000000278e-01,2.194950037077261218e-01
2.000000000000000111e-01,2.010306635678419385e-01
2.125000000000000222e-01,1.843085347124112650e-01
2.250000000000000333e-01,1.691426933765445284e-01
2.375000000000000167e-01,1.553679993302384821e-01
2.500000000000000000e-01,1.428388393116362121e-01
2.625000000000000111e-01,1.314286528448831426e-01
2.750000000000000222e-01,1.210252189023713898e-01
2.875000000000000333e-01,1.115296027039855975e-01
3.000000000000000444e-01,1.028550635225414789e-01
3.125000000000000555e-01,9.492279909610878974e-02
3.250000000000000111e-01,8.766120896674167717e-02
3.375000000000000222e-01,8.100839255750458268e-02
3.500000000000000333e-01,7.490854247250400277e-02
3.625000000000000444e-01,6.931051104760377335e-02
3.750000000000000555e-01,6.416828292277299006e-02
3.875000000000000111e-01,5.944179499430790603e-02
4.000000000000000222e-01,5.509405574806935935e-02
4.125000000000000333e-01,5.109164366482932262e-02
4.250000000000000444e-01,4.740483343456325382e-02
4.375000000000000555e-01,4.400680940662793361e-02
4.500000000000000111e-01,4.087187396164726483e-02
4.625000000000000222e-01,3.797781717930603929e-02
4.750000000000000333e-01,3.530490819234355371e-02
4.875000000000000444e-01,3.283424528636347262e-02
5.000000000000000000e-01,3.054956490526761215e-02
5.124999999999999556e-01,2.843574060840980966e-02
5.250000000000000222e-01,2.647890843122335802e-02
5.374999999999999778e-01,2.466661541407133562e-02
5.499999999999999334e-01,2.298763663335623431e-02
5.625000000000000000e-01,2.143121079684884300e-02
5.749999999999999556e-01,1.998771733974236131e-02
5.875000000000000222e-01,1.864833764528095461e-02
5.999999999999999778e-01,1.740509341526053078e-02
6.125000000000000444e-01,1.625067931905943563e-02
6.250000000000000000e-01,1.517829702206296982e-02
6.374999999999999556e-01,1.418164779687547394e-02
6.500000000000000222e-01,1.325496614827392783e-02
6.624999999999999778e-01,1.239284123164596796e-02
6.750000000000000444e-01,1.159022655432639937e-02
6.875000000000000000e-01,1.084266127172384131e-02
6.999999999999999556e-01,1.014614508242184243e-02
7.125000000000000222e-01,9.496893747690471344e-03
7.249999999999999778e-01,8.891627302781923703e-03
7.375000000000000444e-01,8.327222113688748095e-03
7.500000000000000000e-01,7.800630412059583740e-03
7.624999999999999556e-01,7.309226538533053485e-03
7.750000000000000222e-01,6.850723857487750479e-03
7.874999999999999778e-01,6.422595932818131459e-03
8.000000000000000444e-01,6.022581367782109396e-03
8.125000000000000000e-01,5.649026525121891851e-03
8.249999999999999556e-01,5.299925965839058506e-03
8.375000000000000222e-01,4.973358408403516506e-03
8.499999999999999778e-01,4.667952370979500110e-03
8.625000000000000444e-01,4.382080313848679687e-03
8.750000000000000000e-01,4.114530507932534498e-03
8.874999999999999556e-01,3.864128046400461258e-03
9.000000000000000222e-01,3.629562045413203819e-03
9.124999999999999778e-01,3.409758639144166992e-03
9.250000000000000444e-01,3.203885632775738124e-03
9.375000000000000000e-01,3.010981438584359182e-03
9.499999999999999556e-01,2.830121456097178800e-03
9.625000000000000222e-01,2.660495756122149835e-03
9.749999999999999778e-01,2.501344624842416486e-03
9.875000000000000444e-01,2.352090203977641458e-03
1.000000000000000000e+00,2.212162967049735585e-03
1.012499999999999956e+00,2.080774225700299240e-03
1.024999999999999911e+00,1.957482575900448829e-03
1.037500000000000089e+00,1.841817173833804056e-03
1.050000000000000044e+00,1.733294604408741613e-03
1.062500000000000000e+00,1.631397066390594119e-03
1.074999999999999956e+00,1.535735633726775795e-03
1.087499999999999911e+00,1.445783868169292496e-03
1.100000000000000089e+00,1.361186855621032699e-03
1.112500000000000044e+00,1.281694274937739131e-03
1.125000000000000000e+00,1.206918032855330836e-03
1.137499999999999956e+00,1.136632675677762272e-03
1.149999999999999911e+00,1.070501908895127308e-03
1.162500000000000089e+00,1.008345718312320116e-03
1.175000000000000044e+00,9.498483777210520174e-04
1.187500000000000000e+00,8.947648546575592832e-04
1.199999999999999956e+00,8.428762645090737138e-04
1.212500000000000133e+00,7.940342695529345463e-04
1.225000000000000089e+00,7.480188245615471132e-04
1.237500000000000044e+00,7.047128033037530770e-04
1.250000000000000000e+00,6.640130462148841062e-04
1.262499999999999956e+00,6.257161570283331642e-04
1.275000000000000133e+00,5.896225747551442353e-04
1.287500000000000089e+00,5.555642619258227555e-04
1.300000000000000044e+00,5.234025784971452211e-04
1.312500000000000000e+00,4.930781753256230360e-04
1.324999999999999956e+00,4.644970299391149027e-04
1.337500000000000133e+00,4.375445281092904537e-04
1.350000000000000089e+00,4.121440027454736921e-04
1.362500000000000044e+00,3.882024689808583062e-04
1.375000000000000000e+00,3.656338300177530698e-04
1.387499999999999956e+00,3.443502707261014706e-04
1.400000000000000133e+00,3.242885739435097392e-04
1.412500000000000089e+00,3.053380439257402656e-04
1.425000000000000044e+00,2.874140550919168646e-04
1.437500000000000000e+00,2.704904982887557097e-04
1.449999999999999956e+00,2.545009876465664789e-04
1.462500000000000133e+00,2.393917764399455805e-04
1.475000000000000089e+00,2.251194228694020083e-04
1.487500000000000044e+00,2.116550815154383258e-04
1.500000000000000000e+00,1.989375577489127522e-04
1.512499999999999956e+00,1.869473109052943727e-04
1.525000000000000133e+00,1.756148386848899179e-04
1.537500000000000089e+00,1.648834968744905538e-04
1.550000000000000044e+00,1.547551672534952516e-04
1.562500000000000000e+00,1.451848357775231690e-04
1.574999999999999956e+00,1.361374668296111423e-04
1.587500000000000133e+00,1.275762228821752942e-04
1.600000000000000089e+00,1.194692803255792413e-04
1.612500000000000044e+00,1.117954554789024613e-04
1.625000000000000000e+00,1.045395901175805164e-04
1.637499999999999956e+00,9.768047878155883268e-05
1.650000000000000133e+00,9.116037357403961039e-05
1.662500000000000089e+00,8.495721328016792029e-05
1.675000000000000044e+00,7.909749812040622885e-05
1.687500000000000000e+00,7.356558460780426856e-05
1.699999999999999956e+00,6.834617792894626120e-05
1.712500000000000133e+00,6.341359537986868133e-05
1.725000000000000089e+00,5.874680853623637233e-05
1.737500000000000044e+00,5.434867359155326483e-05
1.750000000000000000e+00,5.019181169529929321e-05
1.762499999999999956e+00,4.624586500101557363e-05
1.775000000000000133e+00,4.250235182134964873e-05
1.787500000000000089e+00,3.894786226221746972e-05
1.800000000000000044e+00,3.558389914048998293e-05
1.812500000000000000e+00,3.240007353244589439e-05
1.824999999999999956e+00,2.937647495748763049e-05
1.837500000000000133e+00,2.651887694915533444e-05
1.850000000000000089e+00,2.380427831305542696e-05
1.862500000000000044e+00,2.122173931040638450e-05
1.875000000000000000e+00,1.876200702444208446e-05
1.887499999999999956e+00,1.642498778742229604e-05
1.900000000000000133e+00,1.420801995122289441e-05
1.912500000000000089e+00,1.210064267775923241e-05
1.925000000000000044e+00,1.009951692509947208e-05
1.937500000000000000e+00,8.193854664551025735e-06
1.949999999999999956e+00,6.382450903119618602e-06
1.962500000000000133e+00,4.666842042033714222e-06
1.975000000000000089e+00,3.035113833038671771e-06
1.987500000000000044e+00,1.480464006720083603e-06
2.000000000000000000e+00,0.000000000000000000e+00
