mesh 1_z,z mid [cm],"(n,p) [rxns]",flux*V [trks-cm],"(n,p) sd",flux*V sd,"(n,p) macro-xs [1/cm]","(n,p) micro-xs [b]","(n,p) mode [eV]",flux mode [eV]
1,0.005,0.07616757581438839,0.009615490766831852,1.0880071428694756e-06,5.7157863187429314e-08,7.9213404350742636,4758.766375038104,0.0144998125,0.0256196875
2,0.015,0.06909536919650086,0.008890352917833983,1.1373211255611504e-06,9.665152340242672e-08,7.771948969303126,4669.0190538799925,0.016464437499999998,0.027428312499999996
3,0.025,0.06288911504929212,0.008231219174122024,1.2089824830489465e-06,1.1999802355587606e-07,7.64031593849524,4589.940159848462,0.016464437499999998,0.027428312499999996
4,0.035,0.05739408346905907,0.007630292492854291,1.301984740152308e-06,1.4518221715991532e-07,7.521872001998374,4518.784649370373,0.016464437499999998,0.028944437499999996
5,0.045,0.05249861614251193,0.0070811752769228044,1.353400719063605e-06,1.4593262700113368e-07,7.413828084951136,4453.876978290462,0.019170062499999998,0.029017562499999996
6,0.055,0.048117027054016305,0.006578442335039478,1.4955011357822596e-06,1.6409077552469058e-07,7.314349598798687,4394.115012645625,0.019170062499999998,0.032912687499999996
7,0.065,0.044178236362327636,0.006117121481258333,1.5885518164991369e-06,1.717170803107339e-07,7.222062942133998,4338.673557730237,0.020071937499999998,0.032912687499999996
8,0.075,0.04062696918104029,0.0056932777150462575,1.4358884484134619e-06,1.671839667666283e-07,7.135954227855579,4286.9435181662875,0.0203985625,0.0339705625
9,0.085,0.037414927733658496,0.005303160740433041,1.2835837771222737e-06,1.5900991522360648e-07,7.055212837203818,4238.437912573815,0.023343062499999997,0.0339705625
10,0.095,0.03450264740832737,0.004943663297588119,1.341957096565111e-06,1.750368165257268e-07,6.979166122652464,4192.752646158963,0.023343062499999997,0.0339705625
11,0.105,0.0318563997929778,0.004611979450656845,1.3767086198148996e-06,1.7993205000773118e-07,6.907316074107999,4149.588538030961,0.027428312499999996,0.0347603125
12,0.115,0.02944643628214113,0.004305541422290374,1.2241554326857032e-06,1.716553649549711e-07,6.839194747887668,4108.664469775426,0.027428312499999996,0.0347603125
13,0.125,0.027247324373576715,0.004022095900266237,1.2675207967566238e-06,1.8146507387349292e-07,6.774409424641793,4069.744514196525,0.027428312499999996,0.0369930625
14,0.135,0.02523757907519278,0.0037596812327330663,1.190525781892596e-06,1.7726602512891532e-07,6.712691186546831,4032.667118195156,0.027428312499999996,0.0383190625
15,0.145,0.02339799364755246,0.003516517939483058,1.1129596369414973e-06,1.677865541512399e-07,6.653739309799186,3997.2516211449465,0.027428312499999996,0.0383190625
16,0.155,0.02171154774374349,0.0032909446462937547,1.1250426201448893e-06,1.6672287280952108e-07,6.5973603561503005,3963.381814502602,0.027428312499999996,0.0392063125
17,0.165,0.02016349657960188,0.0030815457044192905,1.1141133946510458e-06,1.6507727676437684e-07,6.543306026805025,3930.908532105275,0.027428312499999996,0.0392063125
18,0.175,0.01874073232774272,0.002887005435199961,1.096174754003096e-06,1.6183971188702586e-07,6.491408744592368,3899.7311015209343,0.030309437499999998,0.0392063125
19,0.185,0.01743157715384916,0.002706160048806357,1.066552977662701e-06,1.6019088657280864e-07,6.441443536031043,3869.7143693311928,0.0336341875,0.0392063125
20,0.195,0.01622534703673819,0.00253785015662906,9.836667036724703e-07,1.5184951071112203e-07,6.39334319812237,3840.8179631555095,0.032912687499999996,0.0412391875
21,0.205,0.015113444786874044,0.0023811826681377265,1.032157837719321e-06,1.574617645498838e-07,6.347032921541444,3812.9969410925996,0.0336341875,0.043959437500000004
22,0.215,0.01408669610716431,0.002235161374698405,1.0658245025682274e-06,1.5938448039329867e-07,6.302317258441824,3786.1338873278855,0.036261812500000004,0.043959437500000004
23,0.225,0.013137997665732403,0.00209902495789477,1.0495153377671975e-06,1.5792525128756503e-07,6.25909549875445,3760.168300019009,0.036261812500000004,0.043959437500000004
24,0.235,0.012260254835317947,0.0019719838867551798,9.752594378338871e-07,1.4940797713634833e-07,6.2172185673847995,3735.0106219056834,0.036261812500000004,0.043959437500000004
25,0.245,0.011447604665998722,0.0018533630160642114,8.940142703183577e-07,1.3881438106655616e-07,6.176666182920156,3710.648668875173,0.0374805625,0.045553562500000006
26,0.255,0.010695648256141038,0.0017426801926695246,8.197305101784866e-07,1.2928194559631479e-07,6.137470490071336,3687.1017519481593,0.0374805625,0.048390812500000005
27,0.265,0.009997875072110793,0.00163917816308563,7.517133103698693e-07,1.1996090208663198e-07,6.0993217804283955,3664.1838129720627,0.0374805625,0.048390812500000005
28,0.275,0.009350742589567366,0.0015424318915264316,7.2303873286966e-07,1.1935467977844355e-07,6.062337430221066,3641.9653660296767,0.0374805625,0.048390812500000005
29,0.285,0.008749990248888695,0.0014519396463093708,7.312291872717332e-07,1.1880101428673555e-07,6.026414576618221,3620.3846160010953,0.0374805625,0.047786312500000004
30,0.295,0.008191651916202613,0.0013672407709332346,7.233833235427374e-07,1.1971624215426084e-07,5.991374811483463,3599.334383722957,0.0374805625,0.0498240625
31,0.305,0.007672388050254516,0.001287884604284325,7.059118980390012e-07,1.1975455340465164e-07,5.957356757531897,3578.897947160762,0.0374805625,0.0498240625
32,0.315,0.00718913478820499,0.001213521393969246,6.93314853456676e-07,1.1828818760790486e-07,5.924192868730901,3558.9746525889386,0.0374805625,0.0498240625
33,0.325,0.006739603427893809,0.001143866885758035,6.381091302445319e-07,1.0894989675843861e-07,5.891947316428788,3539.603051115988,0.0400789375,0.0512378125
34,0.335,0.006320726170011527,0.0010785520963858515,6.331430597551399e-07,1.0621564830086609e-07,5.860380959984978,3520.6394783648234,0.044081312500000004,0.0512378125
35,0.345,0.005930504953665556,0.0010172929052122547,6.290936029159251e-07,1.0471248090088407e-07,5.829692631571215,3502.203383292466,0.043959437500000004,0.0512378125
36,0.355,0.005566616704477379,0.0009598066095452153,5.929430264410231e-07,9.859756356256038e-08,5.799727412916032,3484.201698334507,0.0427163125,0.0512378125
37,0.365,0.005226924875615946,0.0009058115855091382,5.696807975940584e-07,9.563600445845149e-08,5.770432791139449,3466.602876238363,0.0427163125,0.0504724375
38,0.375,0.004909765630104093,0.0008550812214040029,5.476149544058085e-07,9.196913902752596e-08,5.74187048809526,3449.4439965721767,0.043959437500000004,0.052524812500000004
39,0.385,0.0046137605344308,0.000807442996966909,5.068519730153497e-07,8.6374064270849e-08,5.71403870212758,3432.7239769863736,0.043959437500000004,0.052524812500000004
40,0.395,0.004337344637314979,0.0007627038319486911,4.669721775512341e-07,8.053565711048786e-08,5.686800636930276,3416.360636735513,0.0504724375,0.052524812500000004
41,0.405,0.004078682942731669,0.0007206022748804477,4.5337571204614615e-07,7.886287118524885e-08,5.660102784727327,3400.3218308805613,0.0504724375,0.0571073125
42,0.415,0.003836824224545946,0.0006810074498713122,4.141059727904305e-07,7.196583846101547e-08,5.6340414855534675,3384.665435954113,0.0504724375,0.0571073125
43,0.425,0.0036104545106554324,0.0006437395751219658,3.6286014424848246e-07,6.378051217592603e-08,5.608563851261404,3369.3596792607436,0.0488880625,0.0571073125
44,0.435,0.0033986076497562767,0.0006086771424421884,3.4406518167410267e-07,6.247991812108505e-08,5.583596643895779,3354.3605629036115,0.0488880625,0.0571073125
45,0.445,0.0032001178686422364,0.0005756625196165547,3.619400185909089e-07,6.4430585212088e-08,5.559017235955913,3339.594418084905,0.0488880625,0.0571073125
46,0.455,0.0030141655904682117,0.0005445670605582651,3.727518942602382e-07,6.40879882407228e-08,5.534975963067299,3325.1515593322524,0.0512378125,0.0571073125
47,0.465,0.0028398831887933647,0.000515277401725807,3.6110843411759074e-07,6.153279695176251e-08,5.511367623112925,3310.968786193518,0.0512378125,0.0592961875
48,0.475,0.0026766252476125023,0.000487696314410501,3.6172972560879827e-07,6.194588651145632e-08,5.488303209442646,3297.1127782194,0.0509501875,0.0592961875
49,0.485,0.0025233205120655557,0.0004616695466076342,3.6737410094453807e-07,6.417606357603899e-08,5.465642103983278,3283.499058727716,0.052524812500000004,0.0571073125
50,0.495,0.0023795075084455507,0.0004371424273063109,3.6529229352856266e-07,6.522292873751667e-08,5.443323182122063,3270.0909069444683,0.052524812500000004,0.0624551875
51,0.505,0.002244551675060004,0.00041400857840313805,3.7099360427477374e-07,6.747893584354891e-08,5.4215100656063875,3256.986619070416,0.052524812500000004,0.06395181250000001
52,0.515,0.0021178304771873203,0.0003921773603375051,3.6160134755726845e-07,6.611867452263527e-08,5.400185455286684,3244.1758025953577,0.052524812500000004,0.0632351875
53,0.525,0.001998795353016696,0.00037158117962497,3.4163820033382285e-07,6.314918064136102e-08,5.379161977563134,3231.5458923298925,0.052524812500000004,0.0695190625
54,0.535,0.0018869220421378159,0.00035213735970800674,3.0769297530269767e-07,5.7208512315785804e-08,5.35848296159901,3219.122918384318,0.0544406875,0.0695190625
55,0.545,0.0017817599888595376,0.0003337775302074889,2.906989944886549e-07,5.39096654851732e-08,5.338166376124621,3206.917675521252,0.0544406875,0.0695190625
56,0.555,0.001682881004033473,0.00031643974651737446,2.761698207502703e-07,5.104681874616035e-08,5.318172013960555,3194.906009170518,0.0544406875,0.0695190625
57,0.565,0.0015900265796873739,0.0003000821088287721,2.598908069477146e-07,4.7945883936154614e-08,5.29863838231905,3183.1711279089595,0.0544406875,0.0695190625
58,0.575,0.0015026387016518579,0.00028462523642670844,2.598589340408287e-07,4.805713040499761e-08,5.279358641969157,3171.5887725174034,0.0544406875,0.0695190625
59,0.585,0.0014203007071105014,0.000269996147452294,2.456481448022489e-07,4.532469120553867e-08,5.260448049028019,3160.228183415355,0.057146312500000004,0.0695190625
60,0.595,0.0013427664902107637,0.0002561595524779802,2.2548639334231456e-07,4.192673613893816e-08,5.241914569343221,3149.094146106978,0.0544406875,0.06384456250000001
61,0.605,0.0012698572789453639,0.00024310270942886624,1.9872082788442803e-07,3.6767720067267e-08,5.22354227120177,3138.056939040281,0.06384456250000001,0.06384456250000001
62,0.615,0.001201147868736592,0.00023074707129573137,1.8826956982555204e-07,3.61650596554242e-08,5.20547395029413,3127.2023471068305,0.057146312500000004,0.06384456250000001
63,0.625,0.0011363599643477746,0.00021905277601267682,1.8475829955238107e-07,3.5669586510473175e-08,5.187608141893678,3116.469415101725,0.06384456250000001,0.06384456250000001
64,0.635,0.0010753470937384451,0.0002079887951526952,1.9848471948173525e-07,3.703154310304406e-08,5.170216467425458,3106.021320319873,0.06384456250000001,0.0684465625
65,0.645,0.0010178823458525368,0.00019753122193387026,2.0564513366805975e-07,3.8149457789575364e-08,5.153020043551924,3095.690522853079,0.0553571875,0.0684465625
66,0.655,0.0009636619764739107,0.00018762581748766875,2.0707275391351833e-07,3.836527061346715e-08,5.136084092143903,3085.5162049140454,0.0553571875,0.0684465625
67,0.665,0.0009124704835356463,0.0001782390611939069,1.8793409524556655e-07,3.538617193594287e-08,5.1193631599246725,3075.4710603256576,0.0591986875,0.0799466875
68,0.675,0.0008641954882099293,0.0001693525698912712,1.992034347738637e-07,3.70302084449231e-08,5.10293696024079,3065.6029770932787,0.0591986875,0.0684465625
69,0.685,0.0008186740106108549,0.0001609409139533655,1.9784592874532998e-07,3.7099000639664016e-08,5.086798567877372,3055.907794875613,0.0684465625,0.0684465625
70,0.695,0.0007756917149486255,0.00015297420489173019,1.9423134584710851e-07,3.638179485731247e-08,5.07073539292218,3046.257799716378,0.0684465625,0.0684465625
71,0.705,0.0007351312969817075,0.00014543095138671642,1.9067098255973328e-07,3.5279442253862805e-08,5.054847609618636,3036.7131715592514,0.0684465625,0.0684465625
72,0.715,0.0006967573649781451,0.00013826536449285538,1.901918322741117e-07,3.518323394158794e-08,5.039276231858839,3027.358624875683,0.0684465625,0.0684465625
73,0.725,0.0006605898242093553,0.00013148717774022392,1.712611974162648e-07,3.283183562169413e-08,5.023986639324383,3018.173361417135,0.0684465625,0.0684465625
74,0.735,0.0006262931169485395,0.00012504070904677204,1.6353523166621678e-07,3.14471785059628e-08,5.008713735894378,3008.9981239825597,0.0591986875,0.0783330625
75,0.745,0.0005939338187530888,0.00011893810951993773,1.6444056735514625e-07,3.214095136597844e-08,4.993637625066901,2999.9411102283625,0.0591986875,0.0735263125
76,0.755,0.0005633707196444422,0.00011314926973415074,1.5311226520856424e-07,3.04459713399906e-08,4.979004468770385,2991.1502025890186,0.0684465625,0.0684465625
77,0.765,0.0005344390065549823,0.00010765344384202981,1.3906612952473175e-07,2.8561773587452595e-08,4.964439478027435,2982.400245587626,0.0648536875,0.08193568749999999
78,0.775,0.0005070727094970347,0.0001024366412666298,1.4486613022671164e-07,2.9066660351795744e-08,4.95011065598283,2973.7921675611033,0.06775918750000001,0.08193568749999999
79,0.785,0.00048118846004862866,9.748596972425461e-05,1.4767121915660546e-07,2.9312041245379497e-08,4.935976545237242,2965.3010628663283,0.06775918750000001,0.08193568749999999
80,0.795,0.00045672297939968636,9.278985866561852e-05,1.441656423012715e-07,2.8948923039380873e-08,4.922121727176595,2956.977743996287,0.0648536875,0.08193568749999999
81,0.805,0.000433555818851913,8.833086677228252e-05,1.463093679718096e-07,2.9329526545901296e-08,4.908316137886684,2948.683999441449,0.0591986875,0.0842220625
82,0.815,0.0004116457020713071,8.41018208192337e-05,1.340012786350802e-07,2.7815108697195895e-08,4.894611056710507,2940.450635403769,0.0684465625,0.07429168750000001
83,0.825,0.00039092793252379674,8.008845586051487e-05,1.2994932749369537e-07,2.72294253301604e-08,4.88120201998465,2932.395120858514,0.0684465625,0.07429168750000001
84,0.835,0.00037131353203380906,7.627377983596374e-05,1.217077081215048e-07,2.6000282010437526e-08,4.868167446694854,2924.5645662203365,0.0684465625,0.0823549375
85,0.845,0.000352720368873057,7.265055787292748e-05,1.1937580426460158e-07,2.543044743463694e-08,4.8550262957374315,2916.6699847643263,0.0684465625,0.09174418749999999
86,0.855,0.00033508268407535734,6.920337784358362e-05,1.233150801375989e-07,2.5269273172241474e-08,4.84199896763313,2908.843782690642,0.0684465625,0.0803756875
87,0.865,0.0003184140266956275,6.593456013395789e-05,1.258114226727604e-07,2.5772340020327335e-08,4.829243207943032,2901.180726065461,0.0684465625,0.0747450625
88,0.875,0.00030260805070937843,6.282584489077195e-05,1.2927355106197429e-07,2.6300248288606856e-08,4.81661728919823,2893.5956717341655,0.0684465625,0.08193568749999999
89,0.885,0.0002876346935842587,5.98719070510584e-05,1.3065287812790476e-07,2.6226755352863393e-08,4.804167893616042,2886.1166641632067,0.0684465625,0.0814238125
90,0.895,0.00027344595412734775,5.706499293014912e-05,1.3042396912271657e-07,2.6842257625520255e-08,4.791833663452154,2878.706842524183,0.0684465625,0.0747450625
91,0.905,0.0002600196071016894,5.4400759854079486e-05,1.318651470727732e-07,2.704965624442566e-08,4.779705426893788,2871.4207720926042,0.0747450625,0.0777334375
92,0.915,0.00024726447482802767,5.186506798928547e-05,1.1630751452202911e-07,2.4386260078621205e-08,4.767456872496701,2864.062420398793,0.0747450625,0.0747450625
93,0.925,0.00023516812570444724,4.945124280439663e-05,1.0513844681691115e-07,2.2456489423446272e-08,4.755555419196438,2856.912590613849,0.0747450625,0.0747450625
94,0.935,0.00022370631931623597,4.7157790735892606e-05,1.0035251217446748e-07,2.153913252583557e-08,4.743782858045749,2849.8401931312305,0.0747450625,0.0747450625
95,0.945,0.0002128164511996485,4.497254052638631e-05,9.755307019328466e-08,2.0570117756814968e-08,4.732142074001462,2842.846961096442,0.0747450625,0.0747450625
96,0.955,0.0002024929568933451,4.289371736187709e-05,9.436639645649599e-08,1.9953762851973e-08,4.720806900110644,2836.037325175734,0.0747450625,0.0747450625
97,0.965,0.00019271154500245327,4.0919986599555456e-05,9.80032062659738e-08,2.0768749158439192e-08,4.709472338990132,2829.228057378421,0.0747450625,0.0747450625
98,0.975,0.00018339417695370587,3.903348151994364e-05,9.751822716085264e-08,2.0570151192835875e-08,4.69838123099532,2822.565044695122,0.0747450625,0.0747450625
99,0.985,0.00017455269528792673,3.72389150138956e-05,9.191773067889339e-08,1.921596493537639e-08,4.68737328203018,2815.9519900204996,0.0747450625,0.09131031249999999
100,0.995,0.00016616725689136516,3.553412362942688e-05,9.40860317463523e-08,1.9247587451769323e-08,4.676272830709607,2809.283364309352,0.0747450625,0.0948203125
101,1.005,0.00015821617275139113,3.3913474172897844e-05,9.127400595496741e-08,1.864182053965947e-08,4.665289434658703,2802.685059863385,0.0747450625,0.09481543749999999
102,1.015,0.0001506642150082623,3.236850274711373e-05,8.917013554224894e-08,1.8334527852440975e-08,4.654655057274681,2796.296429311607,0.0747450625,0.08837068749999999
103,1.025,0.00014348492364350582,3.0894922852376805e-05,8.41245374754883e-08,1.757301378427591e-08,4.644288135274215,2790.068473294212,0.0747450625,0.08837068749999999
104,1.035,0.0001366792733297131,2.949733620031318e-05,8.228832803127075e-08,1.740349054951608e-08,4.633614113543647,2783.6560262956023,0.0747450625,0.08837068749999999
105,1.045,0.0001302116116152735,2.8164946664760308e-05,8.508627123705205e-08,1.794138674332039e-08,4.6231797689925305,2777.387566001237,0.0690559375,0.08837068749999999
106,1.055,0.0001240394548158585,2.689016946350594e-05,8.345249650990674e-08,1.7804079582374526e-08,4.61281789183958,2771.1626406894293,0.0747450625,0.0948203125
107,1.065,0.00011819354702315045,2.5679471938669543e-05,7.547277832913112e-08,1.6324488000327962e-08,4.60264709903042,2765.0525098063526,0.0902524375,0.0902524375
108,1.075,0.00011264524002061644,2.4528033389692666e-05,7.697288698526334e-08,1.6617077608888563e-08,4.592510057000859,2758.9626547940593,0.0747450625,0.0948203125
109,1.085,0.00010735173644571902,2.3426716538928434e-05,7.492443709194164e-08,1.625256973834823e-08,4.582449113913658,2752.9185164241753,0.0798491875,0.0948203125
110,1.095,0.0001023003325556026,2.237267763999743e-05,7.039587168777876e-08,1.519836607346917e-08,4.572556499572142,2746.975501996822,0.08210143750000001,0.0948203125
111,1.105,9.750600511587335e-05,2.137092749917441e-05,7.174508945156693e-08,1.5221389739074687e-08,4.562553736595669,2740.9663154834952,0.08210143750000001,0.0912615625
112,1.115,9.297261610309835e-05,2.0420256570755284e-05,6.801158976977894e-08,1.4289467204396425e-08,4.552960232451162,2735.202992304059,0.08210143750000001,0.08210143750000001
113,1.125,8.864591016610617e-05,1.951154125748062e-05,6.541332550734737e-08,1.38640501303842e-08,4.543255143010284,2729.3726339604773,0.08210143750000001,0.08210143750000001
114,1.135,8.454791380777947e-05,1.8647242093129563e-05,6.827313507382871e-08,1.4292006652276028e-08,4.534070689141239,2723.8550488240558,0.08210143750000001,0.08210143750000001
115,1.145,8.064057557601659e-05,1.7821694456800497e-05,6.842498044501069e-08,1.4417602665705563e-08,4.524854568205512,2718.3184396129395,0.08210143750000001,0.08210143750000001
116,1.155,7.691664146035871e-05,1.7034306330230404e-05,6.51268693892468e-08,1.3962415255234904e-08,4.515396164025562,2712.636278097223,0.08210143750000001,0.08210143750000001
117,1.165,7.336424338287235e-05,1.628109565374723e-05,6.423156716738241e-08,1.392637185627649e-08,4.506099892975382,2707.051518491266,0.08210143750000001,0.09316768750000001
118,1.175,6.99710530313376e-05,1.5559939131876264e-05,5.970118113637967e-08,1.3163291305438236e-08,4.4968718989391245,2701.5077764833663,0.08210143750000001,0.09316768750000001
119,1.185,6.67539364739155e-05,1.4874451661243137e-05,5.7260583758878796e-08,1.262595075701393e-08,4.487825030071496,2696.0728459031807,0.08210143750000001,0.08210143750000001
120,1.195,6.370256556628023e-05,1.4221981142389862e-05,5.743753154076527e-08,1.2640814248288178e-08,4.479162567331013,2690.8688483282363,0.043574312500000004,0.09316768750000001
121,1.205,6.079380355496028e-05,1.3599795647624472e-05,5.8609507885054554e-08,1.280867015245064e-08,4.470199783154784,2685.484431850476,0.07947381249999999,0.09316768750000001
122,1.215,5.802767905562146e-05,1.3006327542502856e-05,5.736955421730153e-08,1.2541003626241301e-08,4.46149605766848,2680.255645571024,0.0866741875,0.09316768750000001
123,1.225,5.536860676229575e-05,1.24344692710759e-05,5.25598463238733e-08,1.1460453918854532e-08,4.452832328846549,2675.0508873942767,0.07947381249999999,0.09316768750000001
124,1.235,5.2851803119488406e-05,1.1892176306082566e-05,4.754536136330914e-08,1.0240390582432862e-08,4.4442498798521815,2669.894958290531,0.07947381249999999,0.09316768750000001
125,1.245,5.045489823493178e-05,1.1374995527107607e-05,4.700592603241669e-08,1.0220408242680742e-08,4.435597193396108,2664.6968338444976,0.07947381249999999,0.07947381249999999
126,1.255,4.818015592016644e-05,1.0883083766222043e-05,4.63254174182029e-08,1.0268303219558415e-08,4.427068370979903,2659.573121050487,0.0458948125,0.0458948125
127,1.265,4.599468910389318e-05,1.040982029504877e-05,4.667717424100578e-08,1.011414486177701e-08,4.41839415093166,2654.3620602415754,0.07947381249999999,0.09468868750000001
128,1.275,4.392541416478648e-05,9.960707537902322e-06,4.675814749858418e-08,1.0062501743887084e-08,4.409868877049368,2649.240479238769,0.0840611875,0.0941719375
129,1.285,4.195295341167748e-05,9.531282771510851e-06,4.467115251981744e-08,9.618291828929104e-09,4.401606207411608,2644.276658435648,0.0840611875,0.0941719375
130,1.295,4.0074910400252265e-05,9.121460735882332e-06,4.234080610603043e-08,9.077191627768403e-09,4.393475076048306,2639.3918596014296,0.09455706250000001,0.09455706250000001
131,1.305,3.828898671838321e-05,8.730669541755656e-06,4.103562728962414e-08,8.841865038722198e-09,4.385572782850244,2634.6445359047834,0.0941719375,0.0941719375
132,1.315,3.657592856347211e-05,8.354976578268991e-06,4.28898384483386e-08,9.308830537926168e-09,4.377741603561744,2629.93993407881,0.0829545625,0.0941719375
133,1.325,3.4956452264786875e-05,7.99967557954451e-06,4.296164496552279e-08,9.404961287693389e-09,4.369733736974524,2625.129186887297,0.0829545625,0.0829545625
134,1.335,3.341156321839671e-05,7.660251542140683e-06,4.060332535103127e-08,8.916887037350816e-09,4.3616796438853935,2620.290669001577,0.0829545625,0.0829545625
135,1.345,3.192705155958903e-05,7.333297709436407e-06,3.86729265523119e-08,8.518382971936742e-09,4.353709998505264,2615.502883302074,0.0829545625,0.09769168750000001
136,1.355,3.051090800185354e-05,7.020327155385849e-06,3.842012385461577e-08,8.514707157942945e-09,4.346080649310796,2610.919531442925,0.0829545625,0.09769168750000001
137,1.365,2.9163532527463256e-05,6.722408748669018e-06,3.808069301233345e-08,8.480674546749236e-09,4.338256362830867,2606.219070490068,0.0840611875,0.0957709375
138,1.375,2.787437188878741e-05,6.436571123760279e-06,3.714408341371563e-08,8.328199717599268e-09,4.33062438879772,2601.6341417520866,0.0840611875,0.0957709375
139,1.385,2.6652356894211973e-05,6.165396499789647e-06,3.688656218538912e-08,8.417190118158197e-09,4.322894220204866,2596.9902223706945,0.0840611875,0.0957709375
140,1.395,2.5486935982282148e-05,5.905692790377959e-06,3.479030960692466e-08,8.017574702997148e-09,4.315655569454537,2592.6415836429883,0.0840611875,0.0957709375
141,1.405,2.4366901673338648e-05,5.656105100966536e-06,3.555996019169155e-08,8.13594685982848e-09,4.30807087887648,2588.0850605666524,0.0840611875,0.0957709375
142,1.415,2.3299023046147515e-05,5.417548209988183e-06,3.620247429842871e-08,8.223093884354586e-09,4.300658183934894,2583.6318643272584,0.09824256249999999,0.09824256249999999
143,1.425,2.2281158959156824e-05,5.189826217974552e-06,3.652215445483724e-08,8.284828258459153e-09,4.293237966617802,2579.174149000733,0.09824256249999999,0.09824256249999999
144,1.435,2.1311165143675796e-05,4.972371467432764e-06,3.639911835521769e-08,8.173925136093867e-09,4.28591574126274,2574.775302606525,0.0957709375,0.0957709375
145,1.445,2.038420941081901e-05,4.7642442538214834e-06,3.6905177344859855e-08,8.204926835993781e-09,4.278581937621792,2570.369500526217,0.0957709375,0.0957709375
146,1.455,1.9491493707362163e-05,4.563271021327061e-06,3.6510393107234586e-08,8.084695614974409e-09,4.271386384079763,2566.046752561242,0.0957709375,0.0957709375
147,1.465,1.8637821701407106e-05,4.370649869682041e-06,3.412384801192104e-08,7.407597479553933e-09,4.2643136048697,2561.7977616033622,0.06546793749999999,0.06546793749999999
148,1.475,1.783205589664404e-05,4.1884343915951545e-06,3.408093867131101e-08,7.370440653432852e-09,4.257451407721048,2557.6752783800316,0.0957709375,0.0957709375
149,1.485,1.705524782330937e-05,4.012624564051408e-06,3.2465415248593175e-08,7.191719195676874e-09,4.250397103208997,2553.437386146214,0.0957709375,0.0957709375
150,1.495,1.632809245699689e-05,3.84778779598341e-06,2.9665563037182555e-08,6.556438921212502e-09,4.243501285086795,2549.29470503343,0.0592766875,0.0984863125
151,1.505,1.562184417008108e-05,3.687721032651916e-06,2.7726849176064582e-08,6.2656434431311875e-09,4.236178396294551,2544.895460077567,0.0957709375,0.09824256249999999
152,1.515,1.4946977850072665e-05,3.5337131311065106e-06,2.7494755468093082e-08,6.260749193933601e-09,4.229822086715998,2541.0768901600545,0.0360668125,0.09824256249999999
153,1.525,1.4308277023077479e-05,3.3881713411915393e-06,2.717891517359405e-08,6.1908791421259e-09,4.223008691775782,2536.9837249934885,0.09824256249999999,0.09824256249999999
154,1.535,1.3696676362975788e-05,3.248357078260662e-06,2.6179642570928657e-08,5.945149113365628e-09,4.216493455919475,2533.069679691111,0.09824256249999999,0.09824256249999999
155,1.545,1.310691016128751e-05,3.1135637723732616e-06,2.5639759687703157e-08,5.85475801273945e-09,4.209616734876443,2528.938471199528,0.09824256249999999,0.09824256249999999
156,1.555,1.254521441766665e-05,2.9848112529068224e-06,2.404657108779063e-08,5.495609376491021e-09,4.203017663327698,2524.974061381514,0.09824256249999999,0.09824256249999999
157,1.565,1.2010871506408398e-05,2.862276103968056e-06,2.201719962273646e-08,4.953940765573385e-09,4.19626586329578,2520.917899520246,0.052500437500000004,0.09824256249999999
158,1.575,1.1511161678384146e-05,2.7471636294090193e-06,2.1167821352328196e-08,4.7743529120852885e-09,4.190198776350455,2517.2730808703604,0.0693484375,0.0693484375
159,1.585,1.102397315993084e-05,2.635129147632362e-06,1.876722604195863e-08,4.385516558936029e-09,4.183465986794527,2513.228339603202,0.09154918749999999,0.09154918749999999
160,1.595,1.0548221730957449e-05,2.5253252294251607e-06,1.8538135769665713e-08,4.414233726997597e-09,4.176975546772856,2509.3291904645575,0.09824256249999999,0.09824256249999999
161,1.605,1.0101346832047967e-05,2.421494351765501e-06,1.8489442068730073e-08,4.428774849611948e-09,4.171534335681238,2506.060368401612,0.0885315625,0.0885315625
162,1.615,9.675372877332306e-06,2.322705582358127e-06,1.7773364436552006e-08,4.2621263190853225e-09,4.16556146884074,2502.472152730778,0.0885315625,0.0885315625
163,1.625,9.263304621135544e-06,2.227115842914872e-06,1.710702888782546e-08,4.105275793113637e-09,4.1593277020613515,2498.727200726414,0.0885315625,0.0885315625
164,1.635,8.869484199737945e-06,2.135477897604406e-06,1.6606979347047965e-08,4.083821646277589e-09,4.153395457610586,2495.1633890644616,0.0885315625,0.0885315625
165,1.645,8.500047477895294e-06,2.0493256428275068e-06,1.636177257316433e-08,3.993636773559908e-09,4.147729038400926,2491.759272624471,0.0885315625,0.0885315625
166,1.655,8.14206997636668e-06,1.9658280748652944e-06,1.5885854163239075e-08,3.947265638051297e-09,4.141801656243313,2488.1983819980874,0.0885315625,0.0885315625
167,1.665,7.80415196113854e-06,1.8868917810822065e-06,1.6423249235876574e-08,4.132828504275815e-09,4.135982804833964,2484.7026915079346,0.0995978125,0.0995978125
168,1.675,7.48059284874768e-06,1.8110827574644088e-06,1.6693661548913377e-08,4.194852756722003e-09,4.130453353341412,2481.380858788986,0.0995978125,0.0995978125
169,1.685,7.1668190457461396e-06,1.7375688407371035e-06,1.750677296099854e-08,4.340644550450642e-09,4.124624520031025,2477.8791716451847,0.0995978125,0.0995978125
170,1.695,6.871745650906128e-06,1.6681140955136964e-06,1.6976312825211734e-08,4.21223941827401e-09,4.119469806883906,2474.782463985852,0.0995978125,0.0995978125
171,1.705,6.589910567679788e-06,1.601928865332422e-06,1.5895561868981382e-08,3.980609542309351e-09,4.113734829487758,2471.3371610326353,0.0711570625,0.0711570625
172,1.715,6.310971581282197e-06,1.536751143404199e-06,1.4693780158457051e-08,3.743070138410787e-09,4.106697176292436,2467.109272121715,0.0929775625,0.0929775625
173,1.725,6.046178462703048e-06,1.4745379836166909e-06,1.4843670817692005e-08,3.721330804076062e-09,4.100388413103616,2463.3192658245353,0.0929775625,0.09611706249999999
174,1.735,5.797127792726152e-06,1.4158079420497516e-06,1.5479716791221376e-08,3.7858280562899316e-09,4.0945721665703445,2459.8251402206274,0.09611706249999999,0.09611706249999999
175,1.745,5.556178588564214e-06,1.358893952168756e-06,1.591091866894603e-08,3.896178655103102e-09,4.088750692941646,2456.327874425213,0.0829545625,0.09824256249999999
176,1.755,5.326287808327174e-06,1.304532503297626e-06,1.6504845347325256e-08,3.988584276396563e-09,4.082909237495628,2452.8186044997965,0.0816090625,0.0933188125
177,1.765,5.11128161090986e-06,1.2536849167376154e-06,1.630454955079525e-08,3.946723736093192e-09,4.07700654500225,2449.2725462549943,0.0816090625,0.0933188125
178,1.775,4.89920644203455e-06,1.2033856398514912e-06,1.675084776789332e-08,4.088920463488053e-09,4.071185727826333,2445.775674825337,0.0816090625,0.0933188125
179,1.785,4.694530994634551e-06,1.1547269857141763e-06,1.6657580313951817e-08,4.0907265750676875e-09,4.065489983964542,2442.353941522435,0.0816090625,0.0933188125
180,1.795,4.501589701601644e-06,1.1086762293571308e-06,1.7322433027299177e-08,4.2212098614596586e-09,4.0603285092636145,2439.2531718416335,0.0816090625,0.0816090625
181,1.805,4.3141623211415665e-06,1.063988667419387e-06,1.6766751470331072e-08,4.108750831338706e-09,4.054707022026086,2435.876048403635,0.0816090625,0.0816090625
182,1.815,4.134224675559298e-06,1.0208995404950563e-06,1.6497459422957762e-08,4.0723220529496815e-09,4.049590103208905,2432.8020457887255,0.0816090625,0.0816090625
183,1.825,3.962902680952559e-06,9.799085796430844e-07,1.5921875398072635e-08,3.977203488350498e-09,4.0441555092782036,2429.537199002834,0.0816090625,0.0816090625
184,1.835,3.797492288795481e-06,9.402684193646481e-07,1.5869006968792514e-08,3.944819573726915e-09,4.038732143488874,2426.2790975527914,0.0805901875,0.0805901875
185,1.845,3.641786595398235e-06,9.030125855052168e-07,1.5001157563247386e-08,3.7773344693661655e-09,4.03293005419269,2422.79347694679,0.0805901875,0.0805901875
186,1.855,3.4952834197978897e-06,8.678312534502673e-07,1.4293049586549825e-08,3.6017393446645347e-09,4.027607217303558,2419.5957685014296,0.0805901875,0.0805901875
187,1.865,3.351094794441895e-06,8.330521328714564e-07,1.3185382676191821e-08,3.3450287459273063e-09,4.022671165718008,2416.6304223578954,0.0805901875,0.0805901875
188,1.875,3.211652576609685e-06,7.993740673915968e-07,1.2959019677271587e-08,3.238391541671709e-09,4.017709239792443,2413.6495321356474,0.0816090625,0.0816090625
189,1.885,3.0833323932484965e-06,7.683818697407475e-07,1.3149281392012767e-08,3.233510090426755e-09,4.0127604706352775,2410.676545877076,0.0816090625,0.0816090625
190,1.895,2.955304537886355e-06,7.373786940370486e-07,1.293413768227904e-08,3.156624814629468e-09,4.0078518158783005,2407.7276584513133,0.0931238125,0.0931238125
191,1.905,2.8353171587356854e-06,7.082752375181177e-07,1.2716997109951272e-08,3.1074425934410593e-09,4.003129021806523,2404.890427327464,0.0931238125,0.0931238125
192,1.915,2.721549825594974e-06,6.805711249176623e-07,1.275495121259232e-08,3.1047418901487532e-09,3.9989205036053153,2402.362148803293,0.0931238125,0.0931238125
193,1.925,2.612807176479661e-06,6.539954759235125e-07,1.244761894227773e-08,3.0329037800373464e-09,3.995145643461974,2400.0943915129906,0.0890629375,0.0890629375
194,1.935,2.5072001063768857e-06,6.281969520181662e-07,1.2030499398104143e-08,2.9703057352487253e-09,3.991105175410629,2397.6670695641674,0.0890629375,0.0890629375
195,1.945,2.4049959627902345e-06,6.03262086966908e-07,1.2528487536412249e-08,3.1001021652597083e-09,3.986651929150921,2394.9917700067053,0.0593449375,0.0593449375
196,1.955,2.305381885294253e-06,5.790201272128399e-07,1.2383626301615034e-08,3.087261599682987e-09,3.981522881408967,2391.910480907918,0.0931238125,0.0931238125
197,1.965,2.2105921167289378e-06,5.561024772260793e-07,1.2305076647535566e-08,3.0876606999629893e-09,3.975152435492997,2388.083418548032,0.0931238125,0.0931238125
198,1.975,2.120401451192527e-06,5.340000773531572e-07,1.1822206720470258e-08,2.937240134825513e-09,3.970788659249977,2385.4618683415133,0.0931238125,0.0931238125
199,1.985,2.0365934349025397e-06,5.134915765389093e-07,1.183138175200973e-08,2.936278887793939e-09,3.966167173821631,2382.6854986551702,0.0931238125,0.0931238125
200,1.995,1.953594364802142e-06,4.931140686373401e-07,1.13069954288798e-08,2.8221636151188805e-09,3.9617493984721612,2380.031508341556,0.0931238125,0.0931238125
